player,count
Andrew Wiggins,3
Anthony Edwards,3
Bradley Beal,3
Brandon Ingram,3
Chris Paul,3
Collin Sexton,3
Damian Lillard,3
De'Aaron Fox,3
DeMar DeRozan,3
Dejounte Murray,3
Dennis Schroder,2
Devin Booker,3
Donovan Mitchell,3
Ja Morant,3
James Harden,5
Jaylen Brown,3
Jayson Tatum,3
Jimmy Butler,3
Jrue Holiday,3
Kawhi Leonard,3
Khris Middleton,3
Kyrie Irving,3
LeBron James,3
Luka Doncic,3
Malcolm Brogdon,3
Pascal Siakam,3
Paul George,3
RJ Barrett,3
Russell Westbrook,3
Stephen Curry,3
Terry Rozier,3
Tobias Harris,3
Trae Young,3
Zach LaVine,3
