player,count
Aaron Nesmith,3
Abdel Nader,3
Al-Farouq Aminu,3
Amir Coffey,3
Anthony Gill,3
Anthony Lamb,3
Armoni Brooks,3
Avery Bradley,3
Brodric Thomas,3
Caleb Martin,3
Cam Reddish,3
Carsen Edwards,3
Chandler Hutchison,3
Cody Martin,3
D.J. Wilson,3
DaQuan Jeffries,3
Darius Miller,3
David Nwaba,3
DeAndre' Bembry,3
Dean Wade,3
Deni Avdija,3
Derrick Jones Jr.,3
Dylan Windler,3
E'Twaun Moore,3
Ersan Ilyasova,3
Frank Ntilikina,3
Gary Clark,3
Glenn Robinson III,3
Grant Williams,3
Harry Giles III,3
Isaac Bonga,3
Isaiah Joe,3
Jake Layman,3
Jalen McDaniels,3
Jarrett Culver,3
Javonte Green,3
Jaylen Hoard,2
Jerome Robinson,3
John Konchar,3
Jordan Nwora,3
Josh Green,3
Josh Hall,3
Josh Okogie,3
Juancho Hernangomez,3
Justin Jackson,3
Justin James,3
Justise Winslow,3
KZ Okpala,3
Keita Bates-Diop,3
Kelan Martin,3
Kevin Knox II,3
Kevin Love,3
Killian Tillie,3
Lamar Stevens,3
Langston Galloway,3
Luka Samanic,3
Mason Jones,3
Matisse Thybulle,3
Maurice Harkless,3
Max Strus,3
Maxi Kleber,3
Mike Muscala,3
Mike Scott,3
Miye Oni,3
Mychal Mulder,3
Naji Marshall,3
Nassir Little,3
Nemanja Bjelica,3
Nicolo Melli,3
Obi Toppin,3
Oshae Brissett,3
Otto Porter Jr.,3
P.J. Tucker,3
Patrick Patterson,3
Paul Watson,3
Rodney Hood,3
Rodney McGruder,3
Romeo Langford,3
Ryan Arcidiacono,3
Sean McDermott,3
Sekou Doumbouya,3
Semi Ojeleye,3
Shaquille Harrison,3
Sindarius Thornwell,3
Skylar Mays,3
Stanley Johnson,3
Thanasis Antetokounmpo,3
Torrey Craig,3
Trent Forrest,3
Trevor Ariza,3
Trey Lyles,3
Troy Brown Jr.,3
Tyler Johnson,3
Wenyen Gabriel,3
Wes Iwundu,3
Wesley Matthews,3
Yuta Watanabe,3
Zeke Nnaji,3
