player,count
Alex Len,3
Alize Johnson,3
Aron Baynes,3
Bismack Biyombo,3
Boban Marjanovic,3
Chimezie Metu,3
Cody Zeller,3
Damian Jones,3
Daniel Gafford,3
DeMarcus Cousins,3
Dewayne Dedmon,3
Drew Eubanks,3
Dwight Powell,3
Ed Davis,3
Frank Kaminsky,3
Freddie Gillespie,3
Goga Bitadze,3
Gorgui Dieng,3
Hassan Whiteside,3
Isaiah Hartenstein,3
JaKarr Sampson,3
JaVale McGee,3
Jahlil Okafor,3
James Wiseman,3
Jarred Vanderbilt,3
Jaxson Hayes,3
Kenyon Martin Jr.,3
Kevon Looney,3
Khem Birch,3
LaMarcus Aldridge,3
Luke Kornet,3
Marc Gasol,3
Mitchell Robinson,3
Mo Bamba,3
Moritz Wagner,3
Moses Brown,3
Nathan Knight,3
Nic Claxton,3
Onyeka Okongwu,3
Precious Achiuwa,3
Reggie Perry,3
Serge Ibaka,3
Taj Gibson,3
Tony Bradley,3
Tyler Cook,3
Willie Cauley-Stein,3
Willy Hernangomez,3
Xavier Tillman,3
