player,count
Aaron Holiday,3
Alex Caruso,3
Andre Iguodala,3
Anfernee Simons,3
Austin Rivers,5
Ben McLemore,1
Brad Wanamaker,3
Brandon Goodwin,3
Bryn Forbes,3
Cameron Johnson,3
Cedi Osman,3
Chasson Randle,3
Chuma Okeke,3
D.J. Augustin,5
Damion Lee,1
Damyean Dotson,3
Davis Bertans,3
De'Anthony Melton,3
Dennis Smith Jr.,3
Denzel Valentine,3
Derrick White,3
Desmond Bane,3
Edmond Sumner,1
Eric Gordon,3
Facundo Campazzo,3
Frank Jackson,3
Furkan Korkmaz,3
Garrett Temple,3
Gary Harris,3
George Hill,3
Georges Niang,3
Grayson Allen,3
Ish Smith,3
Jaden McDaniels,1
Jae Crowder,3
Jaylen Nowell,3
Jeff Teague,5
Jeremy Lamb,3
Jordan McLaughlin,3
Jordan Poole,3
Josh Hart,3
Kent Bazemore,3
Kentavious Caldwell-Pope,3
Kevin Porter Jr.,3
Killian Hayes,3
Kira Lewis Jr.,3
Landry Shamet,3
Lonnie Walker IV,3
Luke Kennard,3
Malachi Flynn,3
Malik Beasley,3
Malik Monk,3
Michael Carter-Williams,3
Monte Morris,3
Nickeil Alexander-Walker,3
Nicolas Batum,3
P.J. Dozier,3
Pat Connaughton,3
Patrick Beverley,3
Payton Pritchard,3
R.J. Hampton,3
Rajon Rondo,5
Reggie Bullock,3
Saben Lee,3
Solomon Hill,3
Sterling Brown,3
Svi Mykhailiuk,3
Taurean Prince,3
Terence Davis,3
Terrence Ross,3
Tomas Satoransky,3
Tremont Waters,3
Trey Burke,3
Ty Jerome,3
Tyrese Maxey,3
Tyus Jones,3
Wayne Ellington,3
