player,count
Bogdan Bogdanovic,3
Bojan Bogdanovic,3
Buddy Hield,3
CJ McCollum,3
Cameron Payne,3
Caris LeVert,5
Carmelo Anthony,3
Coby White,3
Cole Anthony,3
Cory Joseph,1
D'Angelo Russell,3
Darius Garland,3
Delon Wright,5
Derrick Rose,5
Devonte' Graham,3
Dillon Brooks,3
Donte DiVincenzo,3
Duncan Robinson,3
Dwayne Bacon,2
Elfrid Payton,3
Eric Bledsoe,3
Gary Trent Jr.,1
Goran Dragic,3
Gordon Hayward,3
Immanuel Quickley,3
Jalen Brunson,3
Jamal Murray,3
Jerami Grant,3
Joe Harris,3
Joe Ingles,3
John Wall,3
Jordan Clarkson,3
Josh Richardson,3
Kemba Walker,3
Kendrick Nunn,3
Kevin Durant,3
Kevin Huerter,3
Kyle Anderson,3
Kyle Lowry,3
LaMelo Ball,3
Lonzo Ball,3
Lou Williams,5
Luguentz Dort,1
Marcus Smart,3
Mikal Bridges,3
Mike Conley,3
Norman Powell,5
Patty Mills,1
Reggie Jackson,3
Ricky Rubio,3
Saddiq Bey,3
Shai Gilgeous-Alexander,3
Shake Milton,3
T.J. McConnell,3
Theo Maledon,3
Tim Hardaway Jr.,3
Tyler Herro,3
Tyrese Haliburton,3
Victor Oladipo,5
Will Barton,3
