player,count
Andre Drummond,5
Brook Lopez,3
Chris Boucher,3
Clint Capela,3
Daniel Theis,3
DeAndre Jordan,3
Deandre Ayton,3
Derrick Favors,3
Dwight Howard,3
Enes Freedom,3
Isaiah Stewart,3
Ivica Zubac,3
Jakob Poeltl,3
Jarrett Allen,3
John Collins,3
Jonas Valanciunas,3
Jusuf Nurkic,3
Mason Plumlee,3
Montrezl Harrell,3
Naz Reid,3
Nerlens Noel,3
Richaun Holmes,3
Robert Williams III,3
Robin Lopez,3
Rudy Gobert,3
Steven Adams,3
Thaddeus Young,3
Tristan Thompson,3
Wendell Carter Jr.,3
