player,count
Aaron Gordon,3
Al Horford,3
Anthony Davis,3
Blake Griffin,5
Bobby Portis,3
Bruce Brown,3
Christian Wood,3
Danilo Gallinari,3
Darius Bazley,3
Dorian Finney-Smith,3
Doug McDermott,3
Draymond Green,3
Eric Paschall,3
Hamidou Diallo,5
Harrison Barnes,3
Isaac Okoro,3
Isaiah Roby,3
JaMychal Green,3
Jae'Sean Tate,3
Jeff Green,3
Juan Toscano-Anderson,3
Keldon Johnson,3
Kelly Olynyk,3
Kelly Oubre Jr.,3
Kenrich Williams,3
Kristaps Porzingis,3
Lauri Markkanen,3
Marvin Bagley III,3
Miles Bridges,3
OG Anunoby,3
P.J. Washington,3
Patrick Williams,3
Paul Millsap,3
Robert Covington,3
Royce O'Neale,3
Rudy Gay,3
Rui Hachimura,3
Terance Mann,3
